﻿<?xml version="1.0" encoding="utf-8"?>
<Package xmlns="http://schemas.microsoft.com/appx/2010/manifest" xmlns:m2="http://schemas.microsoft.com/appx/2013/manifest" xmlns:m3="http://schemas.microsoft.com/appx/2014/manifest" xmlns:mp="http://schemas.microsoft.com/appx/2014/phone/manifest" xmlns:build="http://schemas.microsoft.com/developer/appx/2012/build" IgnorableNamespaces="build">
  <!--
    THIS PACKAGE MANIFEST FILE IS GENERATED BY THE BUILD PROCESS.

    Changes to this file will be lost when it is regenerated. To correct errors in this file, edit the source .appxmanifest file.

    For more information on package manifest files, see http://go.microsoft.com/fwlink/?LinkID=241727
  -->
  <Identity Name="a7c0b89c-bb3f-4ab3-b1af-dc0ff026640e" Publisher="CN=Akshay" Version="1.0.0.0" ProcessorArchitecture="neutral" />
  <mp:PhoneIdentity PhoneProductId="eca2f4f5-0dd5-4fe8-b0fb-2c77daa88e59" PhonePublisherId="caa15d4a-ef1b-43f9-857e-91d7dbc27063" />
  <Properties>
    <DisplayName>DragonAgeIn</DisplayName>
    <PublisherDisplayName>Axe Julius</PublisherDisplayName>
    <Logo>Assets\StoreLogo.png</Logo>
  </Properties>
  <Prerequisites>
    <OSMinVersion>6.3.1</OSMinVersion>
    <OSMaxVersionTested>6.3.1</OSMaxVersionTested>
  </Prerequisites>
  <Resources>
    <Resource Language="EN-US" />
  </Resources>
  <Applications>
    <Application Id="App" Executable="AGHost.exe" EntryPoint="MainPage.xaml">
      <m3:VisualElements DisplayName="DragonAgeIn" Square150x150Logo="Assets\SquareTile150x150.png" Square44x44Logo="Assets\Logo.png" Description="DragonAgeIn" ForegroundText="light" BackgroundColor="#464646">
        <m3:DefaultTile Square71x71Logo="Assets\SquareTile71x71.png"></m3:DefaultTile>
        <m3:SplashScreen Image="Assets\SplashScreen.png" />
      </m3:VisualElements>
      <Extensions>
        <Extension Category="windows.backgroundTasks" EntryPoint="AgHost.BackgroundTask">
          <BackgroundTasks>
            <Task Type="systemEvent" />
          </BackgroundTasks>
        </Extension>
      </Extensions>
    </Application>
  </Applications>
  <Extensions>
    <Extension Category="windows.activatableClass.inProcessServer">
      <InProcessServer>
        <Path>AgHostSvcs.dll</Path>
        <ActivatableClass ActivatableClassId="AgHost.BackgroundTask" ThreadingModel="both" />
      </InProcessServer>
    </Extension>
  </Extensions>
  <build:Metadata>
    <build:Item Name="TargetFrameworkMoniker" Value="WindowsPhone,Version=v8.1" />
    <build:Item Name="VisualStudio" Version="12.0" />
    <build:Item Name="VisualStudioEdition" Value="Microsoft Visual Studio Professional 2013" />
    <build:Item Name="OperatingSystem" Version="6.3.9600.16384 (winblue_rtm.130821-1623)" />
    <build:Item Name="Microsoft.Build.AppxPackage.dll" Version="12.0.31101.0" />
    <build:Item Name="ProjectGUID" Value="{ECA2F4F5-0DD5-4FE8-B0FB-2C77DAA88E59}" />
    <build:Item Name="MSAdvertising" Version="6.1" />
    <build:Item Name="MakePri.exe" Version="6.3.9600.17298 (winblue.141024-1500)" />
  </build:Metadata>
</Package>